epoch,loss,running_cost,terminal_cost,cHJB,cHJBfin,cadj,cadjfin,time_per_epoch,grad_norm,lr,max_fp_itrs,max_fp_res_norm,memory_MB,max_memory_MB,gpu_memory_MB,gpu_max_memory_MB,work_units,max_grad_H,avg_grad_H,smallest_M_sdval,largest_M_sdval,smallest_lambda_min,largest_lambda_max,max_grad_T_u,avg_grad_T_u,sd_grad_T_u,angle,lin_residual,exploration_std
1,11.56428538262844,0.1028367131948471,2.2922897338867188,0.0,0.0,0.0,0.0,2.1637489795684814,0.11739697033459048,0.001,109,9.644031524658203e-05,131.640625,131.640625,0.0,0.0,160,0.0,0.0,0,0,0,0,0,0,0,0,0.004366230601444841,0.5
2,11.55674147605896,0.10274100303649902,2.290800094604492,0.0,0.0,0.0,0.0,3.2085659503936768,0.12277071679336643,0.001,109,9.638071060180664e-05,86.796875,86.796875,0.0,0.0,160,0.0,0.0,0,0,0,0,0,0,0,0,0.003087990782223642,0.495
3,11.532795280218124,0.09652242064476013,2.287254571914673,0.0,0.0,0.0,0.0,3.119016170501709,0.1176343481952387,0.001,109,9.644031524658203e-05,101.828125,101.828125,0.0,0.0,160,0.0,0.0,0,0,0,0,0,0,0,0,0.0029729240015149115,0.49005
4,11.507026344537735,0.09005466103553772,2.2833943367004395,0.0,0.0,0.0,0.0,3.1390089988708496,0.11177225407794575,0.001,109,9.614229202270508e-05,91.984375,91.984375,0.0,0.0,160,0.0,0.0,0,0,0,0,0,0,0,0,0.0027841883432120087,0.48514949999999996
5,11.480285421013832,0.08371283113956451,2.2793145179748535,0.0,0.0,0.0,0.0,3.3411948680877686,0.1054678471928257,0.001,109,9.644031524658203e-05,82.125,82.125,0.0,0.0,160,0.0,0.0,0,0,0,0,0,0,0,0,0.0026916224299930037,0.480298005
6,11.454035811126232,0.07802324742078781,2.275202512741089,0.0,0.0,0.0,0.0,3.2398810386657715,0.09977488548555932,0.001,109,9.644031524658203e-05,97.171875,97.171875,0.0,0.0,160,0.0,0.0,0,0,0,0,0,0,0,0,0.002692984025925398,0.47549502494999996
7,11.427961140871048,0.07280424237251282,2.271031379699707,0.0,0.0,0.0,0.0,3.2905499935150146,0.09460819905680438,0.001,109,9.626150131225586e-05,74.59375,74.59375,0.0,0.0,160,0.0,0.0,0,0,0,0,0,0,0,0,0.002502001563552767,0.47074007470049994
8,11.402381666004658,0.06818891316652298,2.266838550567627,0.0,0.0,0.0,0.0,3.3107452392578125,0.0897161012674826,0.001,109,9.644031524658203e-05,96.015625,96.015625,0.0,0.0,160,0.0,0.0,0,0,0,0,0,0,0,0,0.0025904357712715864,0.46603267395349496
9,11.37762126326561,0.06418761610984802,2.2626867294311523,0.0,0.0,0.0,0.0,3.354569911956787,0.08551357319103775,0.001,109,9.644031524658203e-05,78.46875,78.46875,0.0,0.0,160,0.0,0.0,0,0,0,0,0,0,0,0,0.0024672284582629798,0.46137234721396
10,11.353506304323673,0.06071136146783829,2.258558988571167,0.0,0.0,0.0,0.0,3.4254329204559326,0.08149273062594938,0.001,109,9.644031524658203e-05,99.828125,99.828125,0.0,0.0,160,0.0,0.0,0,0,0,0,0,0,0,0,0.0025242805341258645,0.45675862374182036
11,11.330024901777506,0.057637397199869156,2.2544775009155273,0.0,0.0,0.0,0.0,3.5443668365478516,0.07777782778343578,0.001,109,9.644031524658203e-05,75.265625,75.265625,0.0,0.0,160,0.0,0.0,0,0,0,0,0,0,0,0,0.002508180388249457,0.45219103750440215
12,11.307619988918304,0.055186927318573,2.2504866123199463,0.0,0.0,0.0,0.0,3.8589768409729004,0.07467694051532169,0.001,108,9.679794311523438e-05,64.234375,64.234375,0.0,0.0,160,0.0,0.0,0,0,0,0,0,0,0,0,0.0025335367349907756,0.44766912712935814
13,11.285906091332436,0.05310322344303131,2.246560573577881,0.0,0.0,0.0,0.0,4.28822922706604,0.0719067536541757,0.001,105,9.942054748535156e-05,52.9375,52.9375,0.0,0.0,160,0.0,0.0,0,0,0,0,0,0,0,0,0.002498658059630543,0.44319243585806456
14,11.265009462833405,0.05145174264907837,2.2427115440368652,0.0,0.0,0.0,0.0,3.594294786453247,0.06937784785462396,0.001,102,9.59634780883789e-05,69.015625,69.015625,0.0,0.0,160,0.0,0.0,0,0,0,0,0,0,0,0,0.0024619182012975216,0.4387605114994839
15,11.244526598602533,0.05007574334740639,2.2388901710510254,0.0,0.0,0.0,0.0,4.607364892959595,0.06703744542694472,0.001,98,9.632110595703125e-05,45.953125,45.953125,0.0,0.0,160,0.0,0.0,0,0,0,0,0,0,0,0,0.0024381568003445865,0.43437290638448905
16,11.224914155900478,0.04910167306661606,2.2351624965667725,0.0,0.0,0.0,0.0,4.743839979171753,0.06504670030488893,0.001,94,9.524822235107422e-05,46.859375,46.859375,0.0,0.0,160,0.0,0.0,0,0,0,0,0,0,0,0,0.0023022869625128808,0.43002917732064416
17,11.205898512154818,0.048457372933626175,2.2314882278442383,0.0,0.0,0.0,0.0,5.844830751419067,0.06322351654547387,0.001,90,9.262561798095703e-05,49.390625,49.390625,0.0,0.0,160,0.0,0.0,0,0,0,0,0,0,0,0,0.0025289454055018724,0.4257288855474377
18,11.18764603510499,0.0481649674475193,2.227896213531494,0.0,0.0,0.0,0.0,3.600253105163574,0.06163905317445421,0.001,85,9.918212890625e-05,54.28125,54.28125,0.0,0.0,160,0.0,0.0,0,0,0,0,0,0,0,0,0.002395759760402143,0.4214715966919633
19,11.16979480534792,0.04809022694826126,2.2243409156799316,0.0,0.0,0.0,0.0,3.6796915531158447,0.060117055712990614,0.001,82,9.036064147949219e-05,52.828125,52.828125,0.0,0.0,160,0.0,0.0,0,0,0,0,0,0,0,0,0.0024172078841365875,0.4172568807250437
20,11.152648892253637,0.04835483059287071,2.2208588123321533,0.0,0.0,0.0,0.0,3.533820152282715,0.05883741009157572,0.001,78,9.298324584960938e-05,72.921875,72.921875,0.0,0.0,160,0.0,0.0,0,0,0,0,0,0,0,0,0.0024103330844081937,0.41308431191779327
21,11.135780602693558,0.048867255449295044,2.2173826694488525,0.0,0.0,0.0,0.0,3.5984559059143066,0.05764710241299621,0.001,74,9.72747802734375e-05,49.734375,49.734375,0.0,0.0,160,0.0,0.0,0,0,0,0,0,0,0,0,0.0024268235778436066,0.4089534687986153
22,11.119575757533312,0.049656886607408524,2.2139837741851807,0.0,0.0,0.0,0.0,3.5403058528900146,0.05665255509377191,0.001,71,9.34600830078125e-05,49.265625,49.265625,0.0,0.0,160,0.0,0.0,0,0,0,0,0,0,0,0,0.002320482486393303,0.40486393411062915
23,11.10372281447053,0.050605300813913345,2.2106235027313232,0.0,0.0,0.0,0.0,3.4923648834228516,0.05559178069234151,0.001,68,9.1552734375e-05,52.40625,52.40625,0.0,0.0,160,0.0,0.0,0,0,0,0,0,0,0,0,0.0023312322911806403,0.4008152947695229
24,11.088137038052082,0.05186856538057327,2.2072536945343018,0.0,0.0,0.0,0.0,3.50209379196167,0.054633738021422545,0.001,65,9.059906005859375e-05,51.921875,51.921875,0.0,0.0,160,0.0,0.0,0,0,0,0,0,0,0,0,0.0024038520362228157,0.39680714182182764
25,11.072975356131792,0.05330200865864754,2.203934669494629,0.0,0.0,0.0,0.0,3.4169869422912598,0.0537107763922442,0.001,62,9.1552734375e-05,73.328125,73.328125,0.0,0.0,160,0.0,0.0,0,0,0,0,0,0,0,0,0.002375674278009683,0.3928390704036094
26,11.05813268572092,0.05503777414560318,2.2006189823150635,0.0,0.0,0.0,0.0,3.5333168506622314,0.05290120501829147,0.001,59,9.751319885253906e-05,86.4375,86.4375,0.0,0.0,160,0.0,0.0,0,0,0,0,0,0,0,0,0.0023711762321181593,0.38891067969957327
27,11.04364601150155,0.05694833770394325,2.1973395347595215,0.0,0.0,0.0,0.0,3.568472146987915,0.05201377155222691,0.001,57,8.726119995117188e-05,75.15625,75.15625,0.0,0.0,160,0.0,0.0,0,0,0,0,0,0,0,0,0.0023727638740092516,0.38502157290257755
28,11.029600773006678,0.059121523052453995,2.1940958499908447,0.0,0.0,0.0,0.0,3.534285068511963,0.05120659651485201,0.001,54,9.393692016601562e-05,67.671875,67.671875,0.0,0.0,160,0.0,0.0,0,0,0,0,0,0,0,0,0.0022467631520703434,0.3811713571735518
29,11.015822552144527,0.06144728511571884,2.1908750534057617,0.0,0.0,0.0,0.0,3.295151948928833,0.050379539089537594,0.001,52,8.845329284667969e-05,84.59375,84.59375,0.0,0.0,160,0.0,0.0,0,0,0,0,0,0,0,0,0.0023438865900970995,0.37735964360181623
30,11.002449996769428,0.06406546384096146,2.1876769065856934,0.0,0.0,0.0,0.0,3.4158880710601807,0.04959554127282253,0.001,50,8.463859558105469e-05,65.296875,65.296875,0.0,0.0,160,0.0,0.0,0,0,0,0,0,0,0,0,0.0024514246848411857,0.3735860471657981
31,10.989347107708454,0.0668257549405098,2.184504270553589,0.0,0.0,0.0,0.0,3.227421998977661,0.048752405813148894,0.001,48,8.296966552734375e-05,85.703125,85.703125,0.0,0.0,160,0.0,0.0,0,0,0,0,0,0,0,0,0.0023147158441133796,0.3698501866941401
32,10.976590782403946,0.06978955864906311,2.1813602447509766,0.0,0.0,0.0,0.0,3.162616014480591,0.047861501009799155,0.001,46,7.963180541992188e-05,68.3125,68.3125,0.0,0.0,160,0.0,0.0,0,0,0,0,0,0,0,0,0.0024295156891457736,0.3661516848271987
33,10.964017502963543,0.07293760031461716,2.178215980529785,0.0,0.0,0.0,0.0,3.0940768718719482,0.046953535067676536,0.001,44,8.082389831542969e-05,86.484375,86.484375,0.0,0.0,160,0.0,0.0,0,0,0,0,0,0,0,0,0.002420910324435681,0.3624901679789267
34,10.95171931385994,0.07627370953559875,2.175089120864868,0.0,0.0,0.0,0.0,3.145592212677002,0.04603192692510002,0.001,42,9.036064147949219e-05,91.046875,91.046875,0.0,0.0,160,0.0,0.0,0,0,0,0,0,0,0,0,0.00227050059242174,0.3588652662991374
35,10.93971736729145,0.07980592548847198,2.1719822883605957,0.0,0.0,0.0,0.0,3.008241891860962,0.044964135069023005,0.001,40,9.72747802734375e-05,79.0625,79.0625,0.0,0.0,160,0.0,0.0,0,0,0,0,0,0,0,0,0.002374592942651361,0.35527661363614604
36,10.928099423646927,0.08353617787361145,2.168912649154663,0.0,0.0,0.0,0.0,3.022368907928467,0.04392068881250369,0.001,39,8.487701416015625e-05,66.5625,66.5625,0.0,0.0,160,0.0,0.0,0,0,0,0,0,0,0,0,0.002351558564696461,0.3517238474997846
37,10.916762076318264,0.08732172101736069,2.1658880710601807,0.0,0.0,0.0,0.0,3.046248197555542,0.042774786497810545,0.001,37,9.942054748535156e-05,65.453125,65.453125,0.0,0.0,160,0.0,0.0,0,0,0,0,0,0,0,0,0.0024073419417254627,0.34820660902478673
38,10.905649468302727,0.09133557975292206,2.162862777709961,0.0,0.0,0.0,0.0,2.9816009998321533,0.041568926394090766,0.001,36,8.940696716308594e-05,86.765625,86.765625,0.0,0.0,160,0.0,0.0,0,0,0,0,0,0,0,0,0.0022335989912971852,0.34472454293453886
39,10.894948303699493,0.09545689821243286,2.159898281097412,0.0,0.0,0.0,0.0,2.8661389350891113,0.04031508959818281,0.001,35,7.963180541992188e-05,92.21875,92.21875,0.0,0.0,160,0.0,0.0,0,0,0,0,0,0,0,0,0.0022632910194806755,0.3412772975051935
40,10.884634621441364,0.09961283951997757,2.1570043563842773,0.0,0.0,0.0,0.0,2.8491640090942383,0.039002016251926994,0.001,34,7.2479248046875e-05,64.6875,64.6875,0.0,0.0,160,0.0,0.0,0,0,0,0,0,0,0,0,0.002300445646978915,0.33786452453014154
41,10.874536707997322,0.10390825569629669,2.154125690460205,0.0,0.0,0.0,0.0,2.8321738243103027,0.037690946448061965,0.001,33,6.914138793945312e-05,87.875,87.875,0.0,0.0,160,0.0,0.0,0,0,0,0,0,0,0,0,0.0023233119444921613,0.33448587928484014
42,10.864835403859615,0.10840120166540146,2.1512868404388428,0.0,0.0,0.0,0.0,2.7639009952545166,0.03637098156833693,0.001,31,9.775161743164062e-05,90.8125,90.8125,0.0,0.0,160,0.0,0.0,0,0,0,0,0,0,0,0,0.0023518574214540424,0.33114102049199173
43,10.855424642562866,0.11289143562316895,2.1485066413879395,0.0,0.0,0.0,0.0,2.7389590740203857,0.03496176388090767,0.001,30,9.584426879882812e-05,88.703125,88.703125,0.0,0.0,160,0.0,0.0,0,0,0,0,0,0,0,0,0.0022370982589200138,0.3278296102870718
44,10.846387758851051,0.11742772161960602,2.145792007446289,0.0,0.0,0.0,0.0,2.702897787094116,0.03359452305292196,0.001,29,9.989738464355469e-05,64.84375,64.84375,0.0,0.0,160,0.0,0.0,0,0,0,0,0,0,0,0,0.0022314234147779643,0.3245513141842011
45,10.837671391665936,0.12196027487516403,2.1431422233581543,0.0,0.0,0.0,0.0,2.6755189895629883,0.032273913470446856,0.001,29,7.367134094238281e-05,87.34375,87.34375,0.0,0.0,160,0.0,0.0,0,0,0,0,0,0,0,0,0.0023426051693968475,0.32130580104235906
46,10.829256355762482,0.12638407945632935,2.1405744552612305,0.0,0.0,0.0,0.0,2.6505441665649414,0.030916618329359265,0.001,28,7.963180541992188e-05,69.890625,69.890625,0.0,0.0,160,0.0,0.0,0,0,0,0,0,0,0,0,0.0022801839956082402,0.31809274303193547
47,10.821289271116257,0.13083145022392273,2.138091564178467,0.0,0.0,0.0,0.0,2.5991218090057373,0.029683935754382162,0.001,27,9.012222290039062e-05,85.640625,85.640625,0.0,0.0,160,0.0,0.0,0,0,0,0,0,0,0,0,0.0022415602137334646,0.31491181560161613
48,10.813717678189278,0.13515694439411163,2.135712146759033,0.0,0.0,0.0,0.0,2.5384607315063477,0.02848295256865904,0.001,27,6.580352783203125e-05,87.953125,87.953125,0.0,0.0,160,0.0,0.0,0,0,0,0,0,0,0,0,0.002283658990636468,0.3117626974456
49,10.806424334645271,0.13931842148303986,2.1334211826324463,0.0,0.0,0.0,0.0,2.65974497795105,0.027455088803746124,0.001,26,7.891654968261719e-05,65.671875,65.671875,0.0,0.0,160,0.0,0.0,0,0,0,0,0,0,0,0,0.0021815436170436442,0.308645070471144
50,10.799561783671379,0.14349345862865448,2.131213665008545,0.0,0.0,0.0,0.0,2.4333858489990234,0.026506476175769764,0.001,25,9.894371032714844e-05,84.265625,84.265625,0.0,0.0,160,0.0,0.0,0,0,0,0,0,0,0,0,0.0022366063436493277,0.30555861976643256
51,10.793040826916695,0.14742715656757355,2.129122734069824,0.0,0.0,0.0,0.0,2.598526954650879,0.02566293037794974,0.001,25,7.724761962890625e-05,69.765625,69.765625,0.0,0.0,160,0.0,0.0,0,0,0,0,0,0,0,0,0.0020998432557098566,0.30250303356876823
52,10.78680157661438,0.15113472938537598,2.127133369445801,0.0,0.0,0.0,0.0,2.3880341053009033,0.024937889021353514,0.001,25,6.29425048828125e-05,84.953125,84.953125,0.0,0.0,160,0.0,0.0,0,0,0,0,0,0,0,0,0.002139813180547208,0.29947800323308055
53,10.78098227083683,0.15471746027469635,2.1252529621124268,0.0,0.0,0.0,0.0,2.3841841220855713,0.02440375529908785,0.001,24,8.392333984375e-05,70.53125,70.53125,0.0,0.0,160,0.0,0.0,0,0,0,0,0,0,0,0,0.002237662754487246,0.2964832232007497
54,10.775514721870422,0.15791046619415283,2.123520851135254,0.0,0.0,0.0,0.0,2.4123268127441406,0.023931635846534453,0.001,24,7.343292236328125e-05,62.15625,62.15625,0.0,0.0,160,0.0,0.0,0,0,0,0,0,0,0,0,0.0020939750340767203,0.2935183909687422
55,10.770441934466362,0.1609749048948288,2.1218934059143066,0.0,0.0,0.0,0.0,2.3698413372039795,0.023602463378249967,0.001,24,6.008148193359375e-05,86.515625,86.515625,0.0,0.0,160,0.0,0.0,0,0,0,0,0,0,0,0,0.0020910883345641195,0.29058320705905477
56,10.765615314245224,0.16358813643455505,2.120405435562134,0.0,0.0,0.0,0.0,2.2888476848602295,0.023339021295838203,0.001,23,9.441375732421875e-05,86.09375,86.09375,0.0,0.0,160,0.0,0.0,0,0,0,0,0,0,0,0,0.0019597351388074458,0.28767737498846424
57,10.761132016777992,0.166001096367836,2.1190261840820312,0.0,0.0,0.0,0.0,2.251681089401245,0.02315155157465413,0.001,23,8.392333984375e-05,76.140625,76.140625,0.0,0.0,160,0.0,0.0,0,0,0,0,0,0,0,0,0.001967230539303273,0.2848006012385796
58,10.75695313513279,0.16806162893772125,2.1177783012390137,0.0,0.0,0.0,0.0,2.211912155151367,0.02292573120372082,0.001,23,8.106231689453125e-05,90.90625,90.90625,0.0,0.0,160,0.0,0.0,0,0,0,0,0,0,0,0,0.0019077592296525836,0.2819525952261938
59,10.753086298704147,0.16999194025993347,2.1166188716888428,0.0,0.0,0.0,0.0,2.2279088497161865,0.02276482810049192,0.001,23,7.104873657226562e-05,96.71875,96.71875,0.0,0.0,160,0.0,0.0,0,0,0,0,0,0,0,0,0.0019780713808722795,0.2791330692739319
60,10.749397724866867,0.17131373286247253,2.115616798400879,0.0,0.0,0.0,0.0,2.2399628162384033,0.022554528252928193,0.001,23,6.866455078125e-05,72.109375,72.109375,0.0,0.0,160,0.0,0.0,0,0,0,0,0,0,0,0,0.0017798958951607347,0.27634173858119254
61,10.746031433343887,0.17237845063209534,2.1147305965423584,0.0,0.0,0.0,0.0,2.413931131362915,0.022342146415781822,0.001,23,6.246566772460938e-05,61.046875,61.046875,0.0,0.0,160,0.0,0.0,0,0,0,0,0,0,0,0,0.0019313166523352266,0.2735783211953806
62,10.74293752014637,0.17308135330677032,2.11397123336792,0.0,0.0,0.0,0.0,2.198978900909424,0.022054322880735906,0.001,23,6.4849853515625e-05,78.890625,78.890625,0.0,0.0,160,0.0,0.0,0,0,0,0,0,0,0,0,0.0018319484288804233,0.2708425379834268
63,10.740070298314095,0.17366881668567657,2.1132802963256836,0.0,0.0,0.0,0.0,2.1836559772491455,0.021714292708973376,0.001,23,7.05718994140625e-05,70.171875,70.171875,0.0,0.0,160,0.0,0.0,0,0,0,0,0,0,0,0,0.001771618342027068,0.2681341126035925
64,10.737393870949745,0.1739344745874405,2.112691879272461,0.0,0.0,0.0,0.0,2.1473588943481445,0.021369469595061495,0.001,23,7.581710815429688e-05,87.71875,87.71875,0.0,0.0,160,0.0,0.0,0,0,0,0,0,0,0,0,0.0017070752335712313,0.2654527714775566
65,10.734930634498596,0.1739436388015747,2.1121973991394043,0.0,0.0,0.0,0.0,2.16391921043396,0.020984416735375128,0.001,23,8.058547973632812e-05,83.609375,83.609375,0.0,0.0,160,0.0,0.0,0,0,0,0,0,0,0,0,0.0017798832361586392,0.262798243762781
66,10.7326200902462,0.1737883985042572,2.1117663383483887,0.0,0.0,0.0,0.0,2.1511192321777344,0.02058025332532578,0.001,23,9.012222290039062e-05,82.296875,82.296875,0.0,0.0,160,0.0,0.0,0,0,0,0,0,0,0,0,0.0016204622061923146,0.2601702613251532
67,10.730513498187065,0.1734723299741745,2.111408233642578,0.0,0.0,0.0,0.0,2.1189467906951904,0.020175760669110213,0.001,23,9.632110595703125e-05,87.75,87.75,0.0,0.0,160,0.0,0.0,0,0,0,0,0,0,0,0,0.0015622792730573564,0.25756855871190165
68,10.728487983345985,0.17299415171146393,2.1110987663269043,0.0,0.0,0.0,0.0,2.138366937637329,0.019769849646943914,0.001,24,6.389617919921875e-05,86.9375,86.9375,0.0,0.0,160,0.0,0.0,0,0,0,0,0,0,0,0,0.001659858264029026,0.25499287312478264
69,10.726593375205994,0.1725085973739624,2.1108169555664062,0.0,0.0,0.0,0.0,2.124333143234253,0.01937925417293653,0.001,24,7.534027099609375e-05,83.890625,83.890625,0.0,0.0,160,0.0,0.0,0,0,0,0,0,0,0,0,0.0016113475896418095,0.2524429443935348
70,10.724847063422203,0.17197225987911224,2.110574960708618,0.0,0.0,0.0,0.0,2.162933111190796,0.019033395946510056,0.001,24,8.344650268554688e-05,94.53125,94.53125,0.0,0.0,160,0.0,0.0,0,0,0,0,0,0,0,0,0.0015105871798004955,0.24991851494959946
71,10.723160669207573,0.17133848369121552,2.1103644371032715,0.0,0.0,0.0,0.0,2.167609930038452,0.01870181818627469,0.001,24,9.107589721679688e-05,61.96875,61.96875,0.0,0.0,160,0.0,0.0,0,0,0,0,0,0,0,0,0.0015395462419837713,0.24741932980010348
72,10.721521645784378,0.1705625355243683,2.110191822052002,0.0,0.0,0.0,0.0,2.134993314743042,0.01841684315371018,0.001,25,5.9604644775390625e-05,83.84375,83.84375,0.0,0.0,160,0.0,0.0,0,0,0,0,0,0,0,0,0.0015034924866631626,0.24494513650210245
73,10.719866946339607,0.16991634666919708,2.109990119934082,0.0,0.0,0.0,0.0,2.134159803390503,0.018167063334759963,0.001,25,7.009506225585938e-05,93.3125,93.3125,0.0,0.0,160,0.0,0.0,0,0,0,0,0,0,0,0,0.0014671292144339532,0.24249568513708142
74,10.718314781785011,0.1693667322397232,2.1097896099090576,0.0,0.0,0.0,0.0,2.122594118118286,0.017966347792614572,0.001,25,7.677078247070312e-05,91.875,91.875,0.0,0.0,160,0.0,0.0,0,0,0,0,0,0,0,0,0.0014766643871553242,0.2400707282857106
75,10.716778934001923,0.1689550280570984,2.109564781188965,0.0,0.0,0.0,0.0,2.1423213481903076,0.017800540327345835,0.001,25,8.0108642578125e-05,67.078125,67.078125,0.0,0.0,160,0.0,0.0,0,0,0,0,0,0,0,0,0.0013989917153958231,0.2376700210028535
76,10.715215057134628,0.1685546338558197,2.1093320846557617,0.0,0.0,0.0,0.0,2.339056968688965,0.017651074806932288,0.001,25,8.916854858398438e-05,67.0625,67.0625,0.0,0.0,160,0.0,0.0,0,0,0,0,0,0,0,0,0.0013858668110333383,0.23529332079282497
77,10.713676929473877,0.16818833351135254,2.109097719192505,0.0,0.0,0.0,0.0,2.5364248752593994,0.017494836924597253,0.001,25,9.918212890625e-05,60.59375,60.59375,0.0,0.0,160,0.0,0.0,0,0,0,0,0,0,0,0,0.0013952443702146412,0.2329403875848967
78,10.712102457880974,0.16808371245861053,2.1088037490844727,0.0,0.0,0.0,0.0,2.216046094894409,0.017356739135385196,0.001,26,6.461143493652344e-05,69.859375,69.859375,0.0,0.0,160,0.0,0.0,0,0,0,0,0,0,0,0,0.001353396965423599,0.23061098370904776
79,10.71051137149334,0.16813652217388153,2.1084749698638916,0.0,0.0,0.0,0.0,2.332979917526245,0.017251613060330084,0.001,26,7.2479248046875e-05,59.515625,59.515625,0.0,0.0,160,0.0,0.0,0,0,0,0,0,0,0,0,0.0013631770224310459,0.22830487387195728
80,10.70895728468895,0.16835984587669373,2.108119487762451,0.0,0.0,0.0,0.0,2.302726984024048,0.017098321111437248,0.001,26,7.677078247070312e-05,61.515625,61.515625,0.0,0.0,160,0.0,0.0,0,0,0,0,0,0,0,0,0.001321632667677477,0.2260218251332377
81,10.70738223195076,0.1687493622303009,2.107726573944092,0.0,0.0,0.0,0.0,2.1834371089935303,0.016935090602202912,0.001,26,8.273124694824219e-05,60.03125,60.03125,0.0,0.0,160,0.0,0.0,0,0,0,0,0,0,0,0,0.0013223375042434782,0.22376160688190533
82,10.705827802419662,0.16932281851768494,2.1073009967803955,0.0,0.0,0.0,0.0,2.0769460201263428,0.016745689128469566,0.001,26,8.821487426757812e-05,85.484375,85.484375,0.0,0.0,160,0.0,0.0,0,0,0,0,0,0,0,0,0.0013011051050852984,0.22152399081308627
83,10.704193696379662,0.1700645536184311,2.106825828552246,0.0,0.0,0.0,0.0,2.1169209480285645,0.01660263851206158,0.001,26,8.988380432128906e-05,61.40625,61.40625,0.0,0.0,160,0.0,0.0,0,0,0,0,0,0,0,0,0.001294797866139561,0.2193087509049554
84,10.702564910054207,0.17096777260303497,2.1063194274902344,0.0,0.0,0.0,0.0,2.1103830337524414,0.016425829578196455,0.001,26,8.988380432128906e-05,62.15625,62.15625,0.0,0.0,160,0.0,0.0,0,0,0,0,0,0,0,0,0.0012806773628108203,0.21711566339590585
85,10.701027855277061,0.1720712035894394,2.1057913303375244,0.0,0.0,0.0,0.0,2.043264627456665,0.016193232193615084,0.001,26,9.012222290039062e-05,83.203125,83.203125,0.0,0.0,160,0.0,0.0,0,0,0,0,0,0,0,0,0.001266982719535008,0.2149445067619468
86,10.699524447321892,0.17311649024486542,2.1052815914154053,0.0,0.0,0.0,0.0,2.33160400390625,0.01592576632061481,0.001,26,8.845329284667969e-05,266.703125,266.703125,0.0,0.0,160,0.0,0.0,0,0,0,0,0,0,0,0,0.0012415332661475987,0.21279506169432733
87,10.698060438036919,0.17435137927532196,2.1047418117523193,0.0,0.0,0.0,0.0,2.0742969512939453,0.015662796498204058,0.001,26,8.654594421386719e-05,63.40625,63.40625,0.0,0.0,160,0.0,0.0,0,0,0,0,0,0,0,0,0.001231464804150164,0.21066711107738406
88,10.696587949991226,0.17567315697669983,2.1041829586029053,0.0,0.0,0.0,0.0,2.126723051071167,0.015430995990811974,0.001,26,8.440017700195312e-05,61.5625,61.5625,0.0,0.0,160,0.0,0.0,0,0,0,0,0,0,0,0,0.0012257273553404958,0.20856043996661022
89,10.695132449269295,0.17683668434619904,2.103659152984619,0.0,0.0,0.0,0.0,2.0332908630371094,0.015184250417505164,0.001,26,9.1552734375e-05,82.609375,82.609375,0.0,0.0,160,0.0,0.0,0,0,0,0,0,0,0,0,0.00125802437774837,0.20647483556694413
90,10.693759113550186,0.17823734879493713,2.10310435295105,0.0,0.0,0.0,0.0,2.038182258605957,0.014964468713846707,0.001,26,9.036064147949219e-05,59.09375,59.09375,0.0,0.0,160,0.0,0.0,0,0,0,0,0,0,0,0,0.0012074049061629921,0.20441008721127468
91,10.69241701066494,0.17963586747646332,2.1025562286376953,0.0,0.0,0.0,0.0,1.948289155960083,0.014763979463538184,0.001,26,9.417533874511719e-05,80.375,80.375,0.0,0.0,160,0.0,0.0,0,0,0,0,0,0,0,0,0.0012577076256275177,0.20236598633916195
92,10.691136956214905,0.1809450387954712,2.1020383834838867,0.0,0.0,0.0,0.0,1.8890488147735596,0.014560344344038623,0.001,26,9.655952453613281e-05,77.75,77.75,0.0,0.0,160,0.0,0.0,0,0,0,0,0,0,0,0,0.00116553817759268,0.20034232647577033
93,10.689946562051773,0.18234625458717346,2.10152006149292,0.0,0.0,0.0,0.0,1.8945741653442383,0.014383799443246048,0.001,26,9.417533874511719e-05,77.78125,77.78125,0.0,0.0,160,0.0,0.0,0,0,0,0,0,0,0,0,0.001154036974767223,0.19833890321101263
94,10.688770651817322,0.18354856967926025,2.1010444164276123,0.0,0.0,0.0,0.0,2.1169228553771973,0.014230085744253142,0.001,26,9.417533874511719e-05,58.984375,58.984375,0.0,0.0,160,0.0,0.0,0,0,0,0,0,0,0,0,0.0011559900257270784,0.1963555141789025
95,10.687656059861183,0.18458808958530426,2.100613594055176,0.0,0.0,0.0,0.0,1.9221148490905762,0.014062968426971374,0.001,26,9.512901306152344e-05,58.8125,58.8125,0.0,0.0,160,0.0,0.0,0,0,0,0,0,0,0,0,0.0011156221281271427,0.19439195903711348
96,10.686644300818443,0.18568871915340424,2.100191116333008,0.0,0.0,0.0,0.0,2.470349073410034,0.013909715958092506,0.001,26,9.298324584960938e-05,61.953125,61.953125,0.0,0.0,160,0.0,0.0,0,0,0,0,0,0,0,0,0.0011606849450618028,0.19244803944674235
97,10.685660794377327,0.18661494553089142,2.099809169769287,0.0,0.0,0.0,0.0,1.851288080215454,0.013761164625619462,0.001,26,9.918212890625e-05,79.078125,79.078125,0.0,0.0,160,0.0,0.0,0,0,0,0,0,0,0,0,0.0011277944850735366,0.19052355905227492
98,10.684691369533539,0.18752902746200562,2.0994324684143066,0.0,0.0,0.0,0.0,1.8277580738067627,0.013622424082247652,0.001,27,6.222724914550781e-05,64.015625,64.015625,0.0,0.0,160,0.0,0.0,0,0,0,0,0,0,0,0,0.001093463875586167,0.18861832346175217
99,10.683800354599953,0.18832840025424957,2.0990943908691406,0.0,0.0,0.0,0.0,1.9291279315948486,0.01347444145828636,0.001,27,6.794929504394531e-05,60.46875,60.46875,0.0,0.0,160,0.0,0.0,0,0,0,0,0,0,0,0,0.0011300107184797526,0.18673214022713464
100,10.682961359620094,0.18924297392368317,2.0987436771392822,0.0,0.0,0.0,0.0,1.8206720352172852,0.013353299110459755,0.001,27,7.200241088867188e-05,80.21875,80.21875,0.0,0.0,160,0.0,0.0,0,0,0,0,0,0,0,0,0.0011148056841921061,0.18486481882486328
101,10.682090803980827,0.18975047767162323,2.098468065261841,0.0,0.0,0.0,0.0,1.830549955368042,0.013182643015924912,0.001,27,7.939338684082031e-05,94.578125,94.578125,0.0,0.0,160,0.0,0.0,0,0,0,0,0,0,0,0,0.0010959632508456708,0.18301617063661463
102,10.681311756372452,0.1903184950351715,2.098198652267456,0.0,0.0,0.0,0.0,1.8241081237792969,0.013028018018793188,0.001,27,8.535385131835938e-05,85.671875,85.671875,0.0,0.0,160,0.0,0.0,0,0,0,0,0,0,0,0,0.0010422262654174118,0.18118600893024847
103,10.680556640028954,0.19066844880580902,2.097977638244629,0.0,0.0,0.0,0.0,1.7834808826446533,0.012834792009548462,0.001,27,9.703636169433594e-05,90.0,90.0,0.0,0.0,160,0.0,0.0,0,0,0,0,0,0,0,0,0.0010412983223795891,0.179374148840946
104,10.679837733507156,0.19102361798286438,2.0977628231048584,0.0,0.0,0.0,0.0,1.7789640426635742,0.012655073647927364,0.001,28,6.699562072753906e-05,90.421875,90.421875,0.0,0.0,160,0.0,0.0,0,0,0,0,0,0,0,0,0.0010411311802454293,0.17758040735253652
105,10.679147571325302,0.19134196639060974,2.0975611209869385,0.0,0.0,0.0,0.0,1.7831511497497559,0.012466814970560217,0.001,28,7.510185241699219e-05,93.671875,93.671875,0.0,0.0,160,0.0,0.0,0,0,0,0,0,0,0,0,0.001031158142723143,0.17580460327901115
106,10.678511336445808,0.19160695374011993,2.0973808765411377,0.0,0.0,0.0,0.0,1.8354980945587158,0.0122668623299987,0.001,28,8.344650268554688e-05,70.515625,70.515625,0.0,0.0,160,0.0,0.0,0,0,0,0,0,0,0,0,0.0010371512221172452,0.17404655724622103
107,10.677884489297867,0.1918443739414215,2.097208023071289,0.0,0.0,0.0,0.0,1.7987468242645264,0.012074401977888784,0.001,28,8.96453857421875e-05,87.59375,87.59375,0.0,0.0,160,0.0,0.0,0,0,0,0,0,0,0,0,0.0009744700347073377,0.17230609167375882
108,10.677268385887146,0.19201266765594482,2.0970511436462402,0.0,0.0,0.0,0.0,1.8132033348083496,0.011884571662436129,0.001,28,9.846687316894531e-05,65.9375,65.9375,0.0,0.0,160,0.0,0.0,0,0,0,0,0,0,0,0,0.0010381148487795145,0.17058303075702122
109,10.676686570048332,0.19219736754894257,2.096897840499878,0.0,0.0,0.0,0.0,1.7907419204711914,0.01168258523246115,0.001,29,6.890296936035156e-05,87.75,87.75,0.0,0.0,160,0.0,0.0,0,0,0,0,0,0,0,0,0.0009524307982064783,0.168877200449451
110,10.676105052232742,0.19234779477119446,2.0967514514923096,0.0,0.0,0.0,0.0,1.840350866317749,0.011483663387913099,0.001,29,7.939338684082031e-05,91.890625,91.890625,0.0,0.0,160,0.0,0.0,0,0,0,0,0,0,0,0,0.0009779452881775797,0.1671884284449565
111,10.67554722726345,0.192511186003685,2.096607208251953,0.0,0.0,0.0,0.0,1.7754077911376953,0.01128124598161794,0.001,29,9.703636169433594e-05,87.0625,87.0625,0.0,0.0,160,0.0,0.0,0,0,0,0,0,0,0,0,0.0010207734932191669,0.16551654416050693
112,10.674982845783234,0.1928003430366516,2.0964365005493164,0.0,0.0,0.0,0.0,1.7991728782653809,0.011107035292780388,0.001,30,7.081031799316406e-05,73.21875,73.21875,0.0,0.0,160,0.0,0.0,0,0,0,0,0,0,0,0,0.0009373666008468717,0.16386137871890186
113,10.674428805708885,0.1929091066122055,2.096303939819336,0.0,0.0,0.0,0.0,1.8052101135253906,0.010903039943231312,0.001,30,8.58306884765625e-05,87.125,87.125,0.0,0.0,160,0.0,0.0,0,0,0,0,0,0,0,0,0.0009782061039004474,0.16222276493171284
114,10.673927277326584,0.19320985674858093,2.0961434841156006,0.0,0.0,0.0,0.0,1.801171064376831,0.010709735591536738,0.001,30,9.655952453613281e-05,72.03125,72.03125,0.0,0.0,160,0.0,0.0,0,0,0,0,0,0,0,0,0.0009077790298033506,0.1606005372823957
115,10.673423364758492,0.19347722828388214,2.095989227294922,0.0,0.0,0.0,0.0,1.7544960975646973,0.010513607073354391,0.001,31,7.367134094238281e-05,87.375,87.375,0.0,0.0,160,0.0,0.0,0,0,0,0,0,0,0,0,0.0009154485561884939,0.15899453190957175
116,10.67293182015419,0.1938094198703766,2.0958244800567627,0.0,0.0,0.0,0.0,1.8196661472320557,0.010302495108519672,0.001,31,8.082389831542969e-05,67.234375,67.234375,0.0,0.0,160,0.0,0.0,0,0,0,0,0,0,0,0,0.0008613599592354149,0.15740458659047601
117,10.672458738088608,0.1943245828151703,2.0956268310546875,0.0,0.0,0.0,0.0,1.7818429470062256,0.01009918529605508,0.001,31,9.083747863769531e-05,84.265625,84.265625,0.0,0.0,160,0.0,0.0,0,0,0,0,0,0,0,0,0.0009036965563427656,0.15583054072457125
118,10.672010868787766,0.19487568736076355,2.0954270362854004,0.0,0.0,0.0,0.0,1.7637338638305664,0.009882120688101967,0.001,31,9.560585021972656e-05,82.765625,82.765625,0.0,0.0,160,0.0,0.0,0,0,0,0,0,0,0,0,0.0008822674083057791,0.15427223531732553
119,10.671581998467445,0.19535042345523834,2.0952463150024414,0.0,0.0,0.0,0.0,1.8210928440093994,0.009663239216503791,0.001,32,6.937980651855469e-05,67.765625,67.765625,0.0,0.0,160,0.0,0.0,0,0,0,0,0,0,0,0,0.0008402022090740501,0.15272951296415227
120,10.671136796474457,0.19587558507919312,2.0950522422790527,0.0,0.0,0.0,0.0,1.7865550518035889,0.009451786578671927,0.001,32,7.414817810058594e-05,88.90625,88.90625,0.0,0.0,160,0.0,0.0,0,0,0,0,0,0,0,0,0.0008401840436272324,0.15120221783451074
121,10.670727252960205,0.19645190238952637,2.0948550701141357,0.0,0.0,0.0,0.0,1.7378458976745605,0.009226861869209528,0.001,32,8.130073547363281e-05,66.734375,66.734375,0.0,0.0,160,0.0,0.0,0,0,0,0,0,0,0,0,0.0008430320117622614,0.14969019565616562
122,10.67031566798687,0.1970154494047165,2.0946600437164307,0.0,0.0,0.0,0.0,1.7367737293243408,0.009013278294183165,0.001,32,9.036064147949219e-05,80.171875,80.171875,0.0,0.0,160,0.0,0.0,0,0,0,0,0,0,0,0,0.0008732303278520704,0.14819329369960396
123,10.669942617416382,0.19764375686645508,2.0944597721099854,0.0,0.0,0.0,0.0,1.7439749240875244,0.008789575786186027,0.001,32,9.918212890625e-05,90.53125,90.53125,0.0,0.0,160,0.0,0.0,0,0,0,0,0,0,0,0,0.0008739238500129431,0.14671136076260793
124,10.669553190469742,0.19825568795204163,2.09425950050354,0.0,0.0,0.0,0.0,1.7401902675628662,0.008571982780183472,0.001,33,7.843971252441406e-05,84.6875,84.6875,0.0,0.0,160,0.0,0.0,0,0,0,0,0,0,0,0,0.0008344623481389135,0.14524424715498185
125,10.669196531176567,0.19876806437969208,2.094085693359375,0.0,0.0,0.0,0.0,1.730149269104004,0.008346554312184147,0.001,33,8.749961853027344e-05,88.765625,88.765625,0.0,0.0,160,0.0,0.0,0,0,0,0,0,0,0,0,0.0008570894133299589,0.14379180468343203
126,10.66883859038353,0.19930657744407654,2.0939064025878906,0.0,0.0,0.0,0.0,1.7418649196624756,0.008122049384068051,0.001,33,9.799003601074219e-05,123.6875,123.6875,0.0,0.0,160,0.0,0.0,0,0,0,0,0,0,0,0,0.0008530924585647881,0.1423538866365977
127,10.668519973754883,0.19992494583129883,2.093719005584717,0.0,0.0,0.0,0.0,1.7478890419006348,0.007906543486092191,0.001,34,7.271766662597656e-05,130.46875,130.46875,0.0,0.0,160,0.0,0.0,0,0,0,0,0,0,0,0,0.0008481903397478163,0.14093034777023172
128,10.668216943740845,0.20042657852172852,2.0935580730438232,0.0,0.0,0.0,0.0,2.4627392292022705,0.007689443213105849,0.001,34,7.772445678710938e-05,67.296875,67.296875,0.0,0.0,160,0.0,0.0,0,0,0,0,0,0,0,0,0.0008154664549510926,0.1395210442925294
129,10.66793404519558,0.20097456872463226,2.0933918952941895,0.0,0.0,0.0,0.0,1.7559120655059814,0.007473173648240664,0.001,34,8.654594421386719e-05,90.0,90.0,0.0,0.0,160,0.0,0.0,0,0,0,0,0,0,0,0,0.0007851614663377404,0.1381258338496041
130,10.66766557097435,0.20150241255760193,2.0932326316833496,0.0,0.0,0.0,0.0,1.794701099395752,0.00725327278391051,0.001,34,9.34600830078125e-05,67.03125,67.03125,0.0,0.0,160,0.0,0.0,0,0,0,0,0,0,0,0,0.0008171170449350029,0.13674457551110808
131,10.667422354221344,0.20196133852005005,2.093092203140259,0.0,0.0,0.0,0.0,1.7797949314117432,0.007036883099227015,0.001,35,7.343292236328125e-05,66.65625,66.65625,0.0,0.0,160,0.0,0.0,0,0,0,0,0,0,0,0,0.0007724377932026982,0.135377129755997
132,10.667184665799141,0.20228274166584015,2.09298038482666,0.0,0.0,0.0,0.0,1.7493858337402344,0.006813679553545155,0.001,35,8.320808410644531e-05,90.453125,90.453125,0.0,0.0,160,0.0,0.0,0,0,0,0,0,0,0,0,0.0007639195304363966,0.13402335845843702
133,10.666957274079323,0.20259059965610504,2.0928733348846436,0.0,0.0,0.0,0.0,1.7553720474243164,0.006591317574282821,0.001,35,9.202957153320312e-05,66.453125,66.453125,0.0,0.0,160,0.0,0.0,0,0,0,0,0,0,0,0,0.0007546850515063853,0.13268312487385264
134,10.66672670841217,0.2028559446334839,2.0927741527557373,0.0,0.0,0.0,0.0,1.735044002532959,0.006366060863431546,0.001,36,7.224082946777344e-05,86.03125,86.03125,0.0,0.0,160,0.0,0.0,0,0,0,0,0,0,0,0,0.0007544413406867533,0.1313562936251141
135,10.66652199625969,0.20308992266654968,2.092686414718628,0.0,0.0,0.0,0.0,1.762347936630249,0.0061426503301392505,0.001,36,7.891654968261719e-05,86.140625,86.140625,0.0,0.0,160,0.0,0.0,0,0,0,0,0,0,0,0,0.0007703296677209437,0.13004273068886296
136,10.666317865252495,0.203472301363945,2.09256911277771,0.0,0.0,0.0,0.0,1.723097801208496,0.005923254926092863,0.001,36,8.726119995117188e-05,85.296875,85.296875,0.0,0.0,160,0.0,0.0,0,0,0,0,0,0,0,0,0.0007419018633663655,0.12874230338197434
137,10.666147917509079,0.20367547869682312,2.092494487762451,0.0,0.0,0.0,0.0,1.7714240550994873,0.005699250170056983,0.001,36,9.703636169433594e-05,70.15625,70.15625,0.0,0.0,160,0.0,0.0,0,0,0,0,0,0,0,0,0.0007745803182478994,0.1274548803481546
138,10.66597506403923,0.20387694239616394,2.0924196243286133,0.0,0.0,0.0,0.0,1.8346962928771973,0.005488170466463407,0.001,37,7.867813110351562e-05,84.5,84.5,0.0,0.0,160,0.0,0.0,0,0,0,0,0,0,0,0,0.0007364744669757783,0.12618033154467306
139,10.665802255272865,0.20409633219242096,2.092341184616089,0.0,0.0,0.0,0.0,1.7004950046539307,0.005278475547462059,0.001,37,8.869171142578125e-05,80.3125,80.3125,0.0,0.0,160,0.0,0.0,0,0,0,0,0,0,0,0,0.0007812697649933397,0.12491852822922633
140,10.665665492415428,0.20423494279384613,2.0922861099243164,0.0,0.0,0.0,0.0,1.7086279392242432,0.005068658264245311,0.001,37,9.846687316894531e-05,83.015625,83.015625,0.0,0.0,160,0.0,0.0,0,0,0,0,0,0,0,0,0.0007420009386260063,0.12366934294693407
141,10.665536731481552,0.20437797904014587,2.0922317504882812,0.0,0.0,0.0,0.0,1.744697093963623,0.004857070868147325,0.001,38,7.843971252441406e-05,85.71875,85.71875,0.0,0.0,160,0.0,0.0,0,0,0,0,0,0,0,0,0.0007558706460986287,0.12243264951746473
142,10.66541051864624,0.2046654224395752,2.092149019241333,0.0,0.0,0.0,0.0,1.7261528968811035,0.004658477427068738,0.001,38,8.511543273925781e-05,83.21875,83.21875,0.0,0.0,160,0.0,0.0,0,0,0,0,0,0,0,0,0.0007183196302503347,0.12120832302229008
143,10.66529256105423,0.2047465443611145,2.092109203338623,0.0,0.0,0.0,0.0,1.70408296585083,0.004462513191530481,0.001,38,9.417533874511719e-05,87.125,87.125,0.0,0.0,160,0.0,0.0,0,0,0,0,0,0,0,0,0.0007150860497495159,0.11999623979206718
144,10.665174022316933,0.20504523813724518,2.0920257568359375,0.0,0.0,0.0,0.0,1.7268519401550293,0.004276441803865375,0.001,39,7.867813110351562e-05,86.65625,86.65625,0.0,0.0,160,0.0,0.0,0,0,0,0,0,0,0,0,0.0006931377801811323,0.11879627739414651
145,10.665071576833725,0.20541247725486755,2.0919318199157715,0.0,0.0,0.0,0.0,1.7242248058319092,0.004089439519183419,0.001,39,8.273124694824219e-05,79.546875,79.546875,0.0,0.0,160,0.0,0.0,0,0,0,0,0,0,0,0,0.0006819159991573542,0.11760831462020505
146,10.664970442652702,0.2057536095380783,2.091843366622925,0.0,0.0,0.0,0.0,1.7002499103546143,0.0039126866563329215,0.001,39,8.96453857421875e-05,63.734375,63.734375,0.0,0.0,160,0.0,0.0,0,0,0,0,0,0,0,0,0.0007230435928795487,0.116432231474003
147,10.664879009127617,0.20604602992534637,2.091766595840454,0.0,0.0,0.0,0.0,1.6956992149353027,0.003743346637911472,0.001,39,9.72747802734375e-05,87.265625,87.265625,0.0,0.0,160,0.0,0.0,0,0,0,0,0,0,0,0,0.0006890887639019638,0.11526790915926297
148,10.664799600839615,0.2063409388065338,2.091691732406616,0.0,0.0,0.0,0.0,1.7027440071105957,0.003572240351246609,0.001,40,7.843971252441406e-05,93.203125,93.203125,0.0,0.0,160,0.0,0.0,0,0,0,0,0,0,0,0,0.0006412210740381852,0.11411523006767034
149,10.664721935987473,0.20664116740226746,2.091616153717041,0.0,0.0,0.0,0.0,1.6977438926696777,0.003414778341123303,0.001,40,8.106231689453125e-05,93.34375,93.34375,0.0,0.0,160,0.0,0.0,0,0,0,0,0,0,0,0,0.0006959527783328667,0.11297407776699364
150,10.664646238088608,0.2068253457546234,2.091564178466797,0.0,0.0,0.0,0.0,1.7278740406036377,0.0032636401034066703,0.001,40,8.606910705566406e-05,82.390625,82.390625,0.0,0.0,160,0.0,0.0,0,0,0,0,0,0,0,0,0.0006617794395424425,0.11184433698932371
151,10.664584591984749,0.2071058303117752,2.0914957523345947,0.0,0.0,0.0,0.0,1.7922980785369873,0.0031220549400300915,0.001,40,8.893013000488281e-05,65.546875,65.546875,0.0,0.0,160,0.0,0.0,0,0,0,0,0,0,0,0,0.0006572262011468411,0.11072589361943047
152,10.664532035589218,0.20724162459373474,2.0914580821990967,0.0,0.0,0.0,0.0,1.7167298793792725,0.002984780082381336,0.001,40,9.393692016601562e-05,87.8125,87.8125,0.0,0.0,160,0.0,0.0,0,0,0,0,0,0,0,0,0.0006596503924811258,0.10961863468323617
153,10.664479747414589,0.2075052410364151,2.0913949012756348,0.0,0.0,0.0,0.0,1.7156720161437988,0.002860485310490838,0.001,40,9.965896606445312e-05,93.734375,93.734375,0.0,0.0,160,0.0,0.0,0,0,0,0,0,0,0,0,0.0006423626572359353,0.1085224483364038
154,10.664427682757378,0.20762602984905243,2.091360330581665,0.0,0.0,0.0,0.0,1.7223570346832275,0.0027467949138762927,0.001,41,8.177757263183594e-05,90.375,90.375,0.0,0.0,160,0.0,0.0,0,0,0,0,0,0,0,0,0.0006314762047259137,0.10743722385303976
155,10.664374724030495,0.2078031450510025,2.0913143157958984,0.0,0.0,0.0,0.0,1.7084810733795166,0.002645020292562327,0.001,41,8.726119995117188e-05,83.640625,83.640625,0.0,0.0,160,0.0,0.0,0,0,0,0,0,0,0,0,0.0006281014205887914,0.10636285161450937
156,10.664336830377579,0.20800605416297913,2.09126615524292,0.0,0.0,0.0,0.0,1.7001891136169434,0.0025500444341532143,0.001,41,9.131431579589844e-05,85.3125,85.3125,0.0,0.0,160,0.0,0.0,0,0,0,0,0,0,0,0,0.0006414074986241758,0.10529922309836427
157,10.664296209812164,0.20812755823135376,2.091233730316162,0.0,0.0,0.0,0.0,1.6934587955474854,0.0024625558048671343,0.001,41,9.465217590332031e-05,86.53125,86.53125,0.0,0.0,160,0.0,0.0,0,0,0,0,0,0,0,0,0.0006260301073780283,0.10424623086738063
158,10.664259478449821,0.20834116637706757,2.091183662414551,0.0,0.0,0.0,0.0,1.730072021484375,0.002387734371340117,0.001,41,9.918212890625e-05,63.96875,63.96875,0.0,0.0,160,0.0,0.0,0,0,0,0,0,0,0,0,0.0006113349756924436,0.10320376855870683
159,10.664225667715073,0.2083955705165863,2.0911660194396973,0.0,0.0,0.0,0.0,1.890570878982544,0.002320402227227305,0.001,42,7.963180541992188e-05,82.859375,82.859375,0.0,0.0,160,0.0,0.0,0,0,0,0,0,0,0,0,0.0006023720279335976,0.10217173087311976
160,10.664198845624924,0.20851656794548035,2.0911364555358887,0.0,0.0,0.0,0.0,1.8614819049835205,0.002261292710552483,0.001,42,8.130073547363281e-05,85.296875,85.296875,0.0,0.0,160,0.0,0.0,0,0,0,0,0,0,0,0,0.0006278616387862712,0.10115001356438856
161,10.664176270365715,0.20866446197032928,2.091102361679077,0.0,0.0,0.0,0.0,1.8086929321289062,0.002210937940549656,0.001,42,8.416175842285156e-05,86.546875,86.546875,0.0,0.0,160,0.0,0.0,0,0,0,0,0,0,0,0,0.0005928340583341196,0.10013851342874468
162,10.66415125131607,0.20872169733047485,2.091085910797119,0.0,0.0,0.0,0.0,1.8740339279174805,0.002170660899262401,0.001,42,8.630752563476562e-05,65.125,65.125,0.0,0.0,160,0.0,0.0,0,0,0,0,0,0,0,0,0.0005859592306660488,0.09913712829445723
163,10.664124503731728,0.20888926088809967,2.0910470485687256,0.0,0.0,0.0,0.0,1.7496089935302734,0.0021373968374087393,0.001,42,8.940696716308594e-05,83.40625,83.40625,0.0,0.0,160,0.0,0.0,0,0,0,0,0,0,0,0,0.0006001432979246601,0.09814575701151265
164,10.66410531103611,0.20899046957492828,2.0910229682922363,0.0,0.0,0.0,0.0,1.9427547454833984,0.0021102805302496345,0.001,42,9.226799011230469e-05,60.609375,60.609375,0.0,0.0,160,0.0,0.0,0,0,0,0,0,0,0,0,0.0005652527953498066,0.09716429944139753
165,10.664086788892746,0.20907685160636902,2.0910019874572754,0.0,0.0,0.0,0.0,1.7935681343078613,0.002089103734557673,0.001,42,9.465217590332031e-05,60.09375,60.09375,0.0,0.0,160,0.0,0.0,0,0,0,0,0,0,0,0,0.0005692418513353914,0.09619265644698355
166,10.66407211124897,0.20909316837787628,2.0909957885742188,0.0,0.0,0.0,0.0,1.8696441650390625,0.002071602348069753,0.001,42,9.608268737792969e-05,58.53125,58.53125,0.0,0.0,160,0.0,0.0,0,0,0,0,0,0,0,0,0.0005562240426661446,0.09523072988251371
167,10.664061069488525,0.20917510986328125,2.090977191925049,0.0,0.0,0.0,0.0,1.7143380641937256,0.00205678486239953,0.001,42,9.965896606445312e-05,80.15625,80.15625,0.0,0.0,160,0.0,0.0,0,0,0,0,0,0,0,0,0.0005678565910784527,0.09427842258368857
168,10.664043322205544,0.20910729467868805,2.090987205505371,0.0,0.0,0.0,0.0,1.6998529434204102,0.0020455658605109174,0.001,43,8.058547973632812e-05,83.53125,83.53125,0.0,0.0,160,0.0,0.0,0,0,0,0,0,0,0,0,0.0005597021355060861,0.09333563835785168
169,10.664032906293869,0.20925065875053406,2.090956449508667,0.0,0.0,0.0,0.0,1.715343952178955,0.0020380764287512496,0.001,43,8.153915405273438e-05,78.765625,78.765625,0.0,0.0,160,0.0,0.0,0,0,0,0,0,0,0,0,0.0005398036021506414,0.09240228197427316
170,10.664018839597702,0.20926281809806824,2.0909512042999268,0.0,0.0,0.0,0.0,1.7743432521820068,0.0020301097636756023,0.001,43,8.440017700195312e-05,68.375,68.375,0.0,0.0,160,0.0,0.0,0,0,0,0,0,0,0,0,0.0005531905393581837,0.09147825915453044
171,10.66400882601738,0.20924565196037292,2.0909526348114014,0.0,0.0,0.0,0.0,1.810209035873413,0.0020229107999876045,0.0005,43,8.440017700195312e-05,59.78125,59.78125,0.0,0.0,160,0.0,0.0,0,0,0,0,0,0,0,0,0.0005501467536669224,0.09056347656298513
172,10.664002537727356,0.2092965841293335,2.0909411907196045,0.0,0.0,0.0,0.0,1.7220799922943115,0.00202056560479533,0.0005,43,8.463859558105469e-05,82.09375,82.09375,0.0,0.0,160,0.0,0.0,0,0,0,0,0,0,0,0,0.0005398591613629833,0.08965784179735528
173,10.663999915122986,0.20930826663970947,2.0909383296966553,0.0,0.0,0.0,0.0,1.7186450958251953,0.002017858828027617,0.0005,43,8.416175842285156e-05,65.640625,65.640625,0.0,0.0,160,0.0,0.0,0,0,0,0,0,0,0,0,0.0005370436806697398,0.08876126337938173
174,10.663994938135147,0.20931997895240784,2.090934991836548,0.0,0.0,0.0,0.0,1.7096328735351562,0.0020150778028679805,0.0005,43,8.511543273925781e-05,86.6875,86.6875,0.0,0.0,160,0.0,0.0,0,0,0,0,0,0,0,0,0.0005258391756797209,0.08787365074558791
175,10.663989499211311,0.20938606560230255,2.0909206867218018,0.0,0.0,0.0,0.0,1.691796064376831,0.00201381655559485,0.0005,43,8.559226989746094e-05,88.140625,88.140625,0.0,0.0,160,0.0,0.0,0,0,0,0,0,0,0,0,0.0005070313502801582,0.08699491423813203
176,10.6639843583107,0.20945602655410767,2.0909056663513184,0.0,0.0,0.0,0.0,1.69681715965271,0.002012746479077243,0.0005,43,8.535385131835938e-05,111.5,111.5,0.0,0.0,160,0.0,0.0,0,0,0,0,0,0,0,0,0.0004968019406078383,0.08612496509575071
177,10.663984149694443,0.20948800444602966,2.0908992290496826,0.0,0.0,0.0,0.0,1.6963131427764893,0.002010440404739557,0.0005,43,8.559226989746094e-05,85.703125,85.703125,0.0,0.0,160,0.0,0.0,0,0,0,0,0,0,0,0,0.0005059394845739007,0.0852637154447932
178,10.663981929421425,0.20945359766483307,2.0909056663513184,0.0,0.0,0.0,0.0,1.706239938735962,0.0020091218941440895,0.0005,43,8.58306884765625e-05,82.921875,82.921875,0.0,0.0,160,0.0,0.0,0,0,0,0,0,0,0,0,0.000519607326714322,0.08441107829034528
179,10.663976192474365,0.2095348834991455,2.090888261795044,0.0,0.0,0.0,0.0,1.719074010848999,0.002009630494172779,0.0005,43,8.678436279296875e-05,65.046875,65.046875,0.0,0.0,160,0.0,0.0,0,0,0,0,0,0,0,0,0.00049737170455046,0.08356696750744182
180,10.663979858160019,0.20957431197166443,2.090881109237671,0.0,0.0,0.0,0.0,1.7129387855529785,0.002009194061933414,0.0005,43,8.7738037109375e-05,87.046875,87.046875,0.0,0.0,160,0.0,0.0,0,0,0,0,0,0,0,0,0.0005204077536473051,0.08273129783236739
181,10.663974523544312,0.20963215827941895,2.0908684730529785,0.0,0.0,0.0,0.0,1.7251899242401123,0.0020097409988955968,0.0005,43,8.869171142578125e-05,68.203125,68.203125,0.0,0.0,160,0.0,0.0,0,0,0,0,0,0,0,0,0.0005249839968746528,0.08190398485404372
182,10.663970738649368,0.20963314175605774,2.090867519378662,0.0,0.0,0.0,0.0,1.6796119213104248,0.002009952237033384,0.0005,43,8.869171142578125e-05,89.78125,89.78125,0.0,0.0,160,0.0,0.0,0,0,0,0,0,0,0,0,0.0004891147860325872,0.08108494500550328
183,10.663967996835709,0.20967569947242737,2.0908584594726562,0.0,0.0,0.0,0.0,1.685049057006836,0.002010829239149234,0.0005,43,8.797645568847656e-05,97.0,97.0,0.0,0.0,160,0.0,0.0,0,0,0,0,0,0,0,0,0.0004610128694912419,0.08027409555544825
184,10.663964092731476,0.2097218632698059,2.090848445892334,0.0,0.0,0.0,0.0,1.6726939678192139,0.0020114055154126886,0.0005,43,8.940696716308594e-05,103.265625,103.265625,0.0,0.0,160,0.0,0.0,0,0,0,0,0,0,0,0,0.0004812603775644675,0.07947135459989377
185,10.66396376490593,0.20972153544425964,2.090848445892334,0.0,0.0,0.0,0.0,1.7030179500579834,0.002011527961619951,0.0005,43,9.107589721679688e-05,108.15625,108.15625,0.0,0.0,160,0.0,0.0,0,0,0,0,0,0,0,0,0.0004706176702165976,0.07867664105389482
186,10.663959622383118,0.2097722291946411,2.0908374786376953,0.0,0.0,0.0,0.0,1.6869010925292969,0.00201194662411472,0.0005,43,9.083747863769531e-05,84.71875,84.71875,0.0,0.0,160,0.0,0.0,0,0,0,0,0,0,0,0,0.0004643331078113988,0.07788987464335588
187,10.663954675197601,0.20976728200912476,2.0908374786376953,0.0,0.0,0.0,0.0,1.6725008487701416,0.0020115783596835377,0.00025,43,9.393692016601562e-05,98.96875,98.96875,0.0,0.0,160,0.0,0.0,0,0,0,0,0,0,0,0,0.0004924554546596482,0.07711097589692233
188,10.66394954919815,0.20980507135391235,2.0908288955688477,0.0,0.0,0.0,0.0,1.6682608127593994,0.0020125981782551958,0.00025,43,9.441375732421875e-05,99.65625,99.65625,0.0,0.0,160,0.0,0.0,0,0,0,0,0,0,0,0,0.0004707140219397843,0.0763398661379531
189,10.66394767165184,0.2097841203212738,2.0908327102661133,0.0,0.0,0.0,0.0,1.6755030155181885,0.0020129120882164254,0.00025,43,9.34600830078125e-05,90.734375,90.734375,0.0,0.0,160,0.0,0.0,0,0,0,0,0,0,0,0,0.0004431256651878357,0.07557646747657357
190,10.663945466279984,0.2097807228565216,2.0908329486846924,0.0,0.0,0.0,0.0,1.7177538871765137,0.0020130410997444242,0.00025,43,9.322166442871094e-05,63.34375,63.34375,0.0,0.0,160,0.0,0.0,0,0,0,0,0,0,0,0,0.00044331172306556255,0.07482070280180783
191,10.663944020867348,0.20978762209415436,2.0908312797546387,0.0,0.0,0.0,0.0,1.7003262042999268,0.0020138289577944983,0.00025,43,9.250640869140625e-05,88.890625,88.890625,0.0,0.0,160,0.0,0.0,0,0,0,0,0,0,0,0,0.00044687146786600353,0.07407249577378976
192,10.663943260908127,0.20976540446281433,2.0908355712890625,0.0,0.0,0.0,0.0,1.7863879203796387,0.0020140795362897923,0.00025,43,9.322166442871094e-05,65.453125,65.453125,0.0,0.0,160,0.0,0.0,0,0,0,0,0,0,0,0,0.000441929220687598,0.07333177081605186
193,10.663940027356148,0.20983965694904327,2.090820074081421,0.0,0.0,0.0,0.0,1.7361671924591064,0.0020154213904316673,0.00025,43,9.250640869140625e-05,64.984375,64.984375,0.0,0.0,160,0.0,0.0,0,0,0,0,0,0,0,0,0.00042905507783871146,0.07259845310789134
194,10.663936644792557,0.20983746647834778,2.090819835662842,0.0,0.0,0.0,0.0,1.6937170028686523,0.0020155555168406085,0.00025,43,9.298324584960938e-05,89.109375,89.109375,0.0,0.0,160,0.0,0.0,0,0,0,0,0,0,0,0,0.0004298197908792645,0.07187246857681243
195,10.66393494606018,0.20984649658203125,2.09081768989563,0.0,0.0,0.0,0.0,1.7388701438903809,0.00201622143901785,0.00025,43,9.202957153320312e-05,63.8125,63.8125,0.0,0.0,160,0.0,0.0,0,0,0,0,0,0,0,0,0.0004389493906637654,0.0711537438910443
196,10.663932383060455,0.20991307497024536,2.090803861618042,0.0,0.0,0.0,0.0,1.7180249691009521,0.0020171471689382774,0.00025,43,9.131431579589844e-05,85.53125,85.53125,0.0,0.0,160,0.0,0.0,0,0,0,0,0,0,0,0,0.0004140240547712892,0.07044220645213385
197,10.663931846618652,0.20981597900390625,2.090823173522949,0.0,0.0,0.0,0.0,1.7852580547332764,0.0020163504245062835,0.00025,43,9.107589721679688e-05,61.15625,61.15625,0.0,0.0,160,0.0,0.0,0,0,0,0,0,0,0,0,0.00042185020516626536,0.06973778438761251
198,10.663927227258682,0.2098173201084137,2.0908219814300537,0.0,0.0,0.0,0.0,1.7876689434051514,0.0020165630400679727,0.00025,43,9.34600830078125e-05,83.125,83.125,0.0,0.0,160,0.0,0.0,0,0,0,0,0,0,0,0,0.0004379446862731129,0.06904040654373639
199,10.663924187421799,0.20981308817863464,2.090822219848633,0.0,0.0,0.0,0.0,1.6965010166168213,0.0020171071331414776,0.00025,43,9.512901306152344e-05,92.6875,92.6875,0.0,0.0,160,0.0,0.0,0,0,0,0,0,0,0,0,0.00041726586001459507,0.06835000247829902
200,10.663925513625145,0.20978938043117523,2.090827226638794,0.0,0.0,0.0,0.0,1.7197551727294922,0.0020160240589278066,0.00025,43,9.489059448242188e-05,80.40625,80.40625,0.0,0.0,160,0.0,0.0,0,0,0,0,0,0,0,0,0.0003980972804129124,0.06766650245351603
